
USE [eOkul]

/****** Object:  Table [dbo].[TBLDERSLER]    Script Date: 16.07.2023 13:27:38 ******/
SET ANSI_NULLS ON

SET QUOTED_IDENTIFIER ON

SET ANSI_PADDING ON

CREATE TABLE [dbo].[TBLDERSLER](
	[DersID] [tinyint] IDENTITY(1,1) NOT NULL,
	[DersAd] [varchar](50) NULL,
 CONSTRAINT [PK_TBLDERSLER] PRIMARY KEY CLUSTERED 
(
	[DersID] ASC
)WITH (PAD_INDEX = OFF, STATISTICS_NORECOMPUTE = OFF, IGNORE_DUP_KEY = OFF, ALLOW_ROW_LOCKS = ON, ALLOW_PAGE_LOCKS = ON) ON [PRIMARY]
) ON [PRIMARY]


SET ANSI_PADDING OFF

/****** Object:  Table [dbo].[TBLKULUPLER]    Script Date: 16.07.2023 13:27:38 ******/
SET ANSI_NULLS ON

SET QUOTED_IDENTIFIER ON

SET ANSI_PADDING ON

CREATE TABLE [dbo].[TBLKULUPLER](
	[KULÜPID] [tinyint] IDENTITY(1,1) NOT NULL,
	[KULÜPAD] [varchar](50) NULL,
 CONSTRAINT [PK_TBLKULUPLER] PRIMARY KEY CLUSTERED 
(
	[KULÜPID] ASC
)WITH (PAD_INDEX = OFF, STATISTICS_NORECOMPUTE = OFF, IGNORE_DUP_KEY = OFF, ALLOW_ROW_LOCKS = ON, ALLOW_PAGE_LOCKS = ON) ON [PRIMARY]
) ON [PRIMARY]


SET ANSI_PADDING OFF

/****** Object:  Table [dbo].[TBLNOTLAR]    Script Date: 16.07.2023 13:27:38 ******/
SET ANSI_NULLS ON

SET QUOTED_IDENTIFIER ON

CREATE TABLE [dbo].[TBLNOTLAR](
	[NotID] [int] IDENTITY(1,1) NOT NULL,
	[DersID] [tinyint] NULL,
	[OgrID] [int] NULL,
	[Sınav1] [tinyint] NULL,
	[Sınav2] [tinyint] NULL,
	[Final] [tinyint] NULL,
	[Ortalama] [decimal](5, 2) NULL,
	[Durum] [bit] NULL,
 CONSTRAINT [PK_TBLNOTLAR] PRIMARY KEY CLUSTERED 
(
	[NotID] ASC
)WITH (PAD_INDEX = OFF, STATISTICS_NORECOMPUTE = OFF, IGNORE_DUP_KEY = OFF, ALLOW_ROW_LOCKS = ON, ALLOW_PAGE_LOCKS = ON) ON [PRIMARY]
) ON [PRIMARY]


/****** Object:  Table [dbo].[TBLOGRENCILER]    Script Date: 16.07.2023 13:27:38 ******/
SET ANSI_NULLS ON

SET QUOTED_IDENTIFIER ON

SET ANSI_PADDING ON

CREATE TABLE [dbo].[TBLOGRENCILER](
	[OgrID] [int] IDENTITY(1,1) NOT NULL,
	[OgrAD] [varchar](40) NULL,
	[OgrSOYAD] [varchar](40) NULL,
	[OgrKULUP] [tinyint] NULL,
	[OgrCINSIYET] [varchar](40) NULL,
	[OgrSifre] [varchar](50) NULL,
 CONSTRAINT [PK_TBLOGRENCILER] PRIMARY KEY CLUSTERED 
(
	[OgrID] ASC
)WITH (PAD_INDEX = OFF, STATISTICS_NORECOMPUTE = OFF, IGNORE_DUP_KEY = OFF, ALLOW_ROW_LOCKS = ON, ALLOW_PAGE_LOCKS = ON) ON [PRIMARY]
) ON [PRIMARY]


SET ANSI_PADDING OFF

/****** Object:  Table [dbo].[TBLOGRETMENLER]    Script Date: 16.07.2023 13:27:38 ******/
SET ANSI_NULLS ON

SET QUOTED_IDENTIFIER ON

SET ANSI_PADDING ON

CREATE TABLE [dbo].[TBLOGRETMENLER](
	[OgretmenID] [tinyint] IDENTITY(1,1) NOT NULL,
	[OgretmenBrans] [tinyint] NULL,
	[OgretmenAdSoyad] [varchar](50) NULL,
	[OgretmenSifre] [varchar](50) NULL,
 CONSTRAINT [PK_TBLOGRETMENLER] PRIMARY KEY CLUSTERED 
(
	[OgretmenID] ASC
)WITH (PAD_INDEX = OFF, STATISTICS_NORECOMPUTE = OFF, IGNORE_DUP_KEY = OFF, ALLOW_ROW_LOCKS = ON, ALLOW_PAGE_LOCKS = ON) ON [PRIMARY]
) ON [PRIMARY]


SET ANSI_PADDING OFF

SET IDENTITY_INSERT [dbo].[TBLDERSLER] ON 

INSERT [dbo].[TBLDERSLER] ([DersID], [DersAd]) VALUES (1, N'MATEMATİK')
INSERT [dbo].[TBLDERSLER] ([DersID], [DersAd]) VALUES (2, N'YAZILIM TASARIMI')
INSERT [dbo].[TBLDERSLER] ([DersID], [DersAd]) VALUES (3, N'VERİ TABANI')
INSERT [dbo].[TBLDERSLER] ([DersID], [DersAd]) VALUES (4, N'ALRİTMA')
INSERT [dbo].[TBLDERSLER] ([DersID], [DersAd]) VALUES (5, N'PROGLAMLAMA DİLİ 1')
INSERT [dbo].[TBLDERSLER] ([DersID], [DersAd]) VALUES (6, N'YABANCI DİL')
INSERT [dbo].[TBLDERSLER] ([DersID], [DersAd]) VALUES (7, N'FİZİK')
INSERT [dbo].[TBLDERSLER] ([DersID], [DersAd]) VALUES (8, N'BİYOLOJİ')
INSERT [dbo].[TBLDERSLER] ([DersID], [DersAd]) VALUES (9, N'KİMYA')
SET IDENTITY_INSERT [dbo].[TBLDERSLER] OFF
SET IDENTITY_INSERT [dbo].[TBLKULUPLER] ON 

INSERT [dbo].[TBLKULUPLER] ([KULÜPID], [KULÜPAD]) VALUES (1, N'BİLİŞİM')
INSERT [dbo].[TBLKULUPLER] ([KULÜPID], [KULÜPAD]) VALUES (2, N'SATRANÇ')
INSERT [dbo].[TBLKULUPLER] ([KULÜPID], [KULÜPAD]) VALUES (3, N'EDEBİYAT')
INSERT [dbo].[TBLKULUPLER] ([KULÜPID], [KULÜPAD]) VALUES (13, N'YAZILIM')
INSERT [dbo].[TBLKULUPLER] ([KULÜPID], [KULÜPAD]) VALUES (14, N'DANS')
INSERT [dbo].[TBLKULUPLER] ([KULÜPID], [KULÜPAD]) VALUES (15, N'OKÇULUK')
INSERT [dbo].[TBLKULUPLER] ([KULÜPID], [KULÜPAD]) VALUES (16, N'RESİM')
INSERT [dbo].[TBLKULUPLER] ([KULÜPID], [KULÜPAD]) VALUES (17, N'BASKETBOL')
INSERT [dbo].[TBLKULUPLER] ([KULÜPID], [KULÜPAD]) VALUES (18, N'')
SET IDENTITY_INSERT [dbo].[TBLKULUPLER] OFF
SET IDENTITY_INSERT [dbo].[TBLNOTLAR] ON 

INSERT [dbo].[TBLNOTLAR] ([NotID], [DersID], [OgrID], [Sınav1], [Sınav2], [Final], [Ortalama], [Durum]) VALUES (1, 1, 1, 75, 23, 43, NULL, NULL)
INSERT [dbo].[TBLNOTLAR] ([NotID], [DersID], [OgrID], [Sınav1], [Sınav2], [Final], [Ortalama], [Durum]) VALUES (2, 1, 2, 56, 23, 34, NULL, NULL)
INSERT [dbo].[TBLNOTLAR] ([NotID], [DersID], [OgrID], [Sınav1], [Sınav2], [Final], [Ortalama], [Durum]) VALUES (3, 1, 3, 75, NULL, NULL, NULL, NULL)
INSERT [dbo].[TBLNOTLAR] ([NotID], [DersID], [OgrID], [Sınav1], [Sınav2], [Final], [Ortalama], [Durum]) VALUES (4, 1, 4, 5, NULL, NULL, NULL, NULL)
INSERT [dbo].[TBLNOTLAR] ([NotID], [DersID], [OgrID], [Sınav1], [Sınav2], [Final], [Ortalama], [Durum]) VALUES (5, 1, 5, 75, NULL, NULL, NULL, NULL)
INSERT [dbo].[TBLNOTLAR] ([NotID], [DersID], [OgrID], [Sınav1], [Sınav2], [Final], [Ortalama], [Durum]) VALUES (6, 2, 1, 100, 90, 69, NULL, NULL)
INSERT [dbo].[TBLNOTLAR] ([NotID], [DersID], [OgrID], [Sınav1], [Sınav2], [Final], [Ortalama], [Durum]) VALUES (7, 2, 2, 89, NULL, NULL, NULL, NULL)
INSERT [dbo].[TBLNOTLAR] ([NotID], [DersID], [OgrID], [Sınav1], [Sınav2], [Final], [Ortalama], [Durum]) VALUES (8, 2, 2, 89, NULL, NULL, NULL, NULL)
INSERT [dbo].[TBLNOTLAR] ([NotID], [DersID], [OgrID], [Sınav1], [Sınav2], [Final], [Ortalama], [Durum]) VALUES (9, 2, 3, 78, NULL, NULL, NULL, NULL)
INSERT [dbo].[TBLNOTLAR] ([NotID], [DersID], [OgrID], [Sınav1], [Sınav2], [Final], [Ortalama], [Durum]) VALUES (10, 2, 4, 67, NULL, NULL, NULL, NULL)
INSERT [dbo].[TBLNOTLAR] ([NotID], [DersID], [OgrID], [Sınav1], [Sınav2], [Final], [Ortalama], [Durum]) VALUES (11, 2, 5, 78, NULL, NULL, NULL, NULL)
INSERT [dbo].[TBLNOTLAR] ([NotID], [DersID], [OgrID], [Sınav1], [Sınav2], [Final], [Ortalama], [Durum]) VALUES (12, 2, 6, 98, NULL, NULL, NULL, NULL)
SET IDENTITY_INSERT [dbo].[TBLNOTLAR] OFF
SET IDENTITY_INSERT [dbo].[TBLOGRENCILER] ON 

INSERT [dbo].[TBLOGRENCILER] ([OgrID], [OgrAD], [OgrSOYAD], [OgrKULUP], [OgrCINSIYET], [OgrSifre]) VALUES (1, N'ALİ', N'ÇINAR', 1, N'ERKEK', N'111')
INSERT [dbo].[TBLOGRENCILER] ([OgrID], [OgrAD], [OgrSOYAD], [OgrKULUP], [OgrCINSIYET], [OgrSifre]) VALUES (2, N'AHMET', N'DEMİR', 2, N'ERKEK', N'222')
INSERT [dbo].[TBLOGRENCILER] ([OgrID], [OgrAD], [OgrSOYAD], [OgrKULUP], [OgrCINSIYET], [OgrSifre]) VALUES (3, N'ECE', N'BAKIR', 3, N'KIZ', N'333')
INSERT [dbo].[TBLOGRENCILER] ([OgrID], [OgrAD], [OgrSOYAD], [OgrKULUP], [OgrCINSIYET], [OgrSifre]) VALUES (4, N'AYŞE', N'TAŞ', 2, N'KIZ', N'444')
INSERT [dbo].[TBLOGRENCILER] ([OgrID], [OgrAD], [OgrSOYAD], [OgrKULUP], [OgrCINSIYET], [OgrSifre]) VALUES (5, N'FATMA', N'KAYA', 2, N'KIZ', N'555')
INSERT [dbo].[TBLOGRENCILER] ([OgrID], [OgrAD], [OgrSOYAD], [OgrKULUP], [OgrCINSIYET], [OgrSifre]) VALUES (6, N'VELİ', N'AK', 3, N'ERKEK', N'666')
INSERT [dbo].[TBLOGRENCILER] ([OgrID], [OgrAD], [OgrSOYAD], [OgrKULUP], [OgrCINSIYET], [OgrSifre]) VALUES (12, N'SARA', N'KARA', 1, N'KIZ', N'777')
INSERT [dbo].[TBLOGRENCILER] ([OgrID], [OgrAD], [OgrSOYAD], [OgrKULUP], [OgrCINSIYET], [OgrSifre]) VALUES (16, N'ELİF', N'KARA', 2, N'KIZ', N'888')
INSERT [dbo].[TBLOGRENCILER] ([OgrID], [OgrAD], [OgrSOYAD], [OgrKULUP], [OgrCINSIYET], [OgrSifre]) VALUES (17, N'FARUK', N'KKK', 15, N'ERKEK', N'999')
INSERT [dbo].[TBLOGRENCILER] ([OgrID], [OgrAD], [OgrSOYAD], [OgrKULUP], [OgrCINSIYET], [OgrSifre]) VALUES (18, N'HASAN', N'TOPAL', 13, N'ERKEK', N'000')
SET IDENTITY_INSERT [dbo].[TBLOGRENCILER] OFF
SET IDENTITY_INSERT [dbo].[TBLOGRETMENLER] ON 

INSERT [dbo].[TBLOGRETMENLER] ([OgretmenID], [OgretmenBrans], [OgretmenAdSoyad], [OgretmenSifre]) VALUES (1, 1, N'ZEYNEP ÖZHAN', N'11')
INSERT [dbo].[TBLOGRETMENLER] ([OgretmenID], [OgretmenBrans], [OgretmenAdSoyad], [OgretmenSifre]) VALUES (2, 4, N'VELİ YILMAZ', N'22')
SET IDENTITY_INSERT [dbo].[TBLOGRETMENLER] OFF
ALTER TABLE [dbo].[TBLNOTLAR]  WITH CHECK ADD  CONSTRAINT [FK_TBLNOTLAR_TBLDERSLER] FOREIGN KEY([DersID])
REFERENCES [dbo].[TBLDERSLER] ([DersID])

ALTER TABLE [dbo].[TBLNOTLAR] CHECK CONSTRAINT [FK_TBLNOTLAR_TBLDERSLER]

ALTER TABLE [dbo].[TBLNOTLAR]  WITH CHECK ADD  CONSTRAINT [FK_TBLNOTLAR_TBLOGRENCILER] FOREIGN KEY([OgrID])
REFERENCES [dbo].[TBLOGRENCILER] ([OgrID])

ALTER TABLE [dbo].[TBLNOTLAR] CHECK CONSTRAINT [FK_TBLNOTLAR_TBLOGRENCILER]

ALTER TABLE [dbo].[TBLOGRENCILER]  WITH CHECK ADD  CONSTRAINT [FK_TBLOGRENCILER_TBLKULUPLER] FOREIGN KEY([OgrKULUP])
REFERENCES [dbo].[TBLKULUPLER] ([KULÜPID])

ALTER TABLE [dbo].[TBLOGRENCILER] CHECK CONSTRAINT [FK_TBLOGRENCILER_TBLKULUPLER]

ALTER TABLE [dbo].[TBLOGRETMENLER]  WITH CHECK ADD  CONSTRAINT [FK_TBLOGRETMENLER_TBLDERSLER] FOREIGN KEY([OgretmenBrans])
REFERENCES [dbo].[TBLDERSLER] ([DersID])

ALTER TABLE [dbo].[TBLOGRETMENLER] CHECK CONSTRAINT [FK_TBLOGRETMENLER_TBLDERSLER]

USE [master]

ALTER DATABASE [eOkul] SET  READ_WRITE 

